Open Time,Open,High,Low,Close,Volume
2024-02-17 11:20:00,2773.17000000,2773.17000000,2773.17000000,2773.17000000,0.00000000
